,,,folder,lesson_n,series_n,problem_n,title,name,file_len
1,0,0,lesson_1_0_intro,1,0,1,intro,problem_1.md,369
1,0,1,lesson_1_0_intro,1,0,2,intro,problem_2.md,744
1,0,2,lesson_1_0_intro,1,0,3,intro,problem_3.md,512
1,0,3,lesson_1_0_intro,1,0,4,intro,problem_4.md,382
1,0,4,lesson_1_0_intro,1,0,5,intro,problem_5.md,404
2,0,0,lesson_2_0_in_the_animal_world,2,0,1,in_the_animal_world,problem_1.md,202
2,0,1,lesson_2_0_in_the_animal_world,2,0,2,in_the_animal_world,problem_2.md,154
2,0,2,lesson_2_0_in_the_animal_world,2,0,3,in_the_animal_world,problem_3.md,172
2,0,3,lesson_2_0_in_the_animal_world,2,0,4,in_the_animal_world,problem_4.md,157
2,1,0,lesson_2_1_integer,2,1,1,integer,problem_1.md,152
2,1,1,lesson_2_1_integer,2,1,2,integer,problem_2.md,118
2,1,2,lesson_2_1_integer,2,1,3,integer,problem_3.md,82
2,1,3,lesson_2_1_integer,2,1,4,integer,problem_4.md,86
2,1,4,lesson_2_1_integer,2,1,5,integer,problem_5.md,75
2,2,0,lesson_2_2_float,2,2,1,float,problem_1.md,155
2,2,1,lesson_2_2_float,2,2,2,float,problem_2.md,369
2,2,2,lesson_2_2_float,2,2,3,float,problem_3.md,489
2,2,3,lesson_2_2_float,2,2,4,float,problem_4.md,355
2,2,4,lesson_2_2_float,2,2,5,float,problem_5.md,368
2,3,0,lesson_2_3_bool,2,3,1,bool,problem_1.md,145
2,3,1,lesson_2_3_bool,2,3,2,bool,problem_2.md,136
2,3,2,lesson_2_3_bool,2,3,3,bool,problem_3.md,600
2,4,0,lesson_2_4_type_conversion,2,4,1,type_conversion,problem_1.md,73
2,4,1,lesson_2_4_type_conversion,2,4,2,type_conversion,problem_2.md,87
2,4,2,lesson_2_4_type_conversion,2,4,3,type_conversion,problem_3.md,99
2,4,3,lesson_2_4_type_conversion,2,4,4,type_conversion,problem_4.md,62
2,5,0,lesson_2_5_numbers_operations,2,5,1,numbers_operations,problem_1.md,664
2,5,1,lesson_2_5_numbers_operations,2,5,2,numbers_operations,problem_2.md,233
2,5,2,lesson_2_5_numbers_operations,2,5,3,numbers_operations,problem_3.md,230
2,5,3,lesson_2_5_numbers_operations,2,5,4,numbers_operations,problem_4.md,391
2,5,4,lesson_2_5_numbers_operations,2,5,5,numbers_operations,problem_5.md,278
3,1,0,lesson_3_1_conditions,3,1,1,conditions,problem_1.md,100
3,1,1,lesson_3_1_conditions,3,1,2,conditions,problem_2.md,101
3,1,2,lesson_3_1_conditions,3,1,3,conditions,problem_3.md,75
3,2,0,lesson_3_2_else,3,2,1,else,problem_1.md,305
3,2,1,lesson_3_2_else,3,2,2,else,problem_2.md,309
3,2,2,lesson_3_2_else,3,2,3,else,problem_3.md,689
3,3,0,lesson_3_3_negation_operator,3,3,1,negation_operator,problem_1.md,199
3,3,1,lesson_3_3_negation_operator,3,3,2,negation_operator,problem_2.md,304
3,3,2,lesson_3_3_negation_operator,3,3,3,negation_operator,problem_3.md,585
3,4,0,lesson_3_4_operator_and,3,4,1,operator_and,problem_1.md,110
3,4,1,lesson_3_4_operator_and,3,4,2,operator_and,problem_2.md,173
3,4,2,lesson_3_4_operator_and,3,4,3,operator_and,problem_3.md,80
3,4,3,lesson_3_4_operator_and,3,4,4,operator_and,problem_4.md,80
3,4,4,lesson_3_4_operator_and,3,4,5,operator_and,problem_5.md,80
3,4,5,lesson_3_4_operator_and,3,4,6,operator_and,problem_6.md,80
3,5,0,lesson_3_5_operator_or,3,5,1,operator_or,problem_1.md,123
3,5,1,lesson_3_5_operator_or,3,5,2,operator_or,problem_2.md,226
3,5,2,lesson_3_5_operator_or,3,5,3,operator_or,problem_3.md,80
3,5,3,lesson_3_5_operator_or,3,5,4,operator_or,problem_4.md,80
3,5,4,lesson_3_5_operator_or,3,5,5,operator_or,problem_5.md,80
3,5,5,lesson_3_5_operator_or,3,5,6,operator_or,problem_6.md,80
3,6,0,lesson_3_6_comparison_operators,3,6,1,comparison_operators,problem_1.md,158
3,6,1,lesson_3_6_comparison_operators,3,6,2,comparison_operators,problem_2.md,172
3,6,2,lesson_3_6_comparison_operators,3,6,3,comparison_operators,problem_3.md,185
3,6,3,lesson_3_6_comparison_operators,3,6,4,comparison_operators,problem_4.md,177
3,6,4,lesson_3_6_comparison_operators,3,6,5,comparison_operators,problem_5.md,176
3,6,5,lesson_3_6_comparison_operators,3,6,6,comparison_operators,problem_6.md,180
3,7,0,lesson_3_7_elif,3,7,1,elif,problem_1.md,455
3,7,1,lesson_3_7_elif,3,7,2,elif,problem_2.md,460
3,7,2,lesson_3_7_elif,3,7,3,elif,problem_3.md,508
3,8,0,lesson_3_8_nested,3,8,1,nested,problem_1.md,142
3,8,1,lesson_3_8_nested,3,8,2,nested,problem_2.md,169
3,8,2,lesson_3_8_nested,3,8,3,nested,problem_3.md,153
3,8,3,lesson_3_8_nested,3,8,4,nested,problem_4.md,73
4,1,0,lesson_4_1_while,4,1,1,while,problem_1.md,252
4,1,1,lesson_4_1_while,4,1,2,while,problem_2.md,365
4,1,2,lesson_4_1_while,4,1,3,while,problem_3.md,422
4,1,3,lesson_4_1_while,4,1,4,while,problem_4.md,1261
4,1,4,lesson_4_1_while,4,1,5,while,problem_5.md,1820
4,2,0,lesson_4_2_for,4,2,1,for,problem_1.md,257
4,2,1,lesson_4_2_for,4,2,2,for,problem_2.md,231
4,2,2,lesson_4_2_for,4,2,3,for,problem_3.md,73
4,2,3,lesson_4_2_for,4,2,4,for,problem_4.md,395
4,2,4,lesson_4_2_for,4,2,5,for,problem_5.md,358
5,1,0,lesson_5_1_strings,5,1,1,strings,problem_1.md,336
5,1,1,lesson_5_1_strings,5,1,2,strings,problem_2.md,67
5,1,2,lesson_5_1_strings,5,1,3,strings,problem_3.md,71
5,2,0,lesson_5_2_slices,5,2,1,slices,problem_1.md,75
5,2,1,lesson_5_2_slices,5,2,2,slices,problem_2.md,222
5,2,2,lesson_5_2_slices,5,2,3,slices,problem_3.md,110
5,2,3,lesson_5_2_slices,5,2,4,slices,problem_4.md,77
5,2,4,lesson_5_2_slices,5,2,5,slices,problem_5.md,79
5,2,5,lesson_5_2_slices,5,2,6,slices,problem_6.md,93
5,2,6,lesson_5_2_slices,5,2,7,slices,problem_7.md,131
5,3,0,lesson_5_3_operators,5,3,1,operators,problem_1.md,381
5,3,1,lesson_5_3_operators,5,3,2,operators,problem_2.md,621
5,3,2,lesson_5_3_operators,5,3,3,operators,problem_3.md,554
5,4,0,lesson_5_4_methods,5,4,1,methods,problem_1.md,144
5,4,1,lesson_5_4_methods,5,4,2,methods,problem_10.md,706
5,4,2,lesson_5_4_methods,5,4,3,methods,problem_11.md,164
5,4,3,lesson_5_4_methods,5,4,4,methods,problem_2.md,322
5,4,4,lesson_5_4_methods,5,4,5,methods,problem_3.md,457
5,4,5,lesson_5_4_methods,5,4,6,methods,problem_4.md,445
5,4,6,lesson_5_4_methods,5,4,7,methods,problem_5.md,277
5,4,7,lesson_5_4_methods,5,4,8,methods,problem_6.md,579
5,4,8,lesson_5_4_methods,5,4,9,methods,problem_7.md,2041
5,4,9,lesson_5_4_methods,5,4,10,methods,problem_8.md,291
5,4,10,lesson_5_4_methods,5,4,11,methods,problem_9.md,290
6,1,0,lesson_6_1_lists_intro,6,1,1,lists_intro,problem_1.md,181
6,1,1,lesson_6_1_lists_intro,6,1,2,lists_intro,problem_2.md,429
6,2,0,lesson_6_2_lists_get_elements,6,2,1,lists_get_elements,problem_1.md,169
6,2,1,lesson_6_2_lists_get_elements,6,2,2,lists_get_elements,problem_2.md,397
6,3,0,lesson_6_3_lists_add_delete,6,3,1,lists_add_delete,problem_1.md,188
6,3,1,lesson_6_3_lists_add_delete,6,3,2,lists_add_delete,problem_2.md,484
6,4,0,lesson_6_4_lists_slices,6,4,1,lists_slices,problem_1.md,276
6,4,1,lesson_6_4_lists_slices,6,4,2,lists_slices,problem_2.md,145
6,5,0,lesson_6_5_lists_aggregations,6,5,1,lists_aggregations,problem_1.md,437
6,5,1,lesson_6_5_lists_aggregations,6,5,2,lists_aggregations,problem_2.md,360
6,6,0,lesson_6_6_lists_sort,6,6,1,lists_sort,problem_1.md,153
6,6,1,lesson_6_6_lists_sort,6,6,2,lists_sort,problem_2.md,266
6,6,2,lesson_6_6_lists_sort,6,6,3,lists_sort,problem_3.md,263
6,7,0,lesson_6_7_lists_for,6,7,1,lists_for,problem_1.md,450
6,7,1,lesson_6_7_lists_for,6,7,2,lists_for,problem_2.md,218
6,8,0,lesson_6_8_lists_tuples,6,8,1,lists_tuples,problem_1.md,401
6,8,1,lesson_6_8_lists_tuples,6,8,2,lists_tuples,problem_2.md,523
6,9,0,lesson_6_9_lists_additional_methods,6,9,1,lists_additional_methods,problem_1.md,234
6,9,1,lesson_6_9_lists_additional_methods,6,9,2,lists_additional_methods,problem_2.md,370
6,9,2,lesson_6_9_lists_additional_methods,6,9,3,lists_additional_methods,problem_3.md,638
6,9,3,lesson_6_9_lists_additional_methods,6,9,4,lists_additional_methods,problem_4.md,589
7,1,0,lesson_7_1_dicts_intro,7,1,1,dicts_intro,problem_1.md,138
7,1,1,lesson_7_1_dicts_intro,7,1,2,dicts_intro,problem_2.md,225
7,1,2,lesson_7_1_dicts_intro,7,1,3,dicts_intro,problem_3.md,191
7,2,0,lesson_7_2_dicts_get_data,7,2,1,dicts_get_data,problem_1.md,269
7,2,1,lesson_7_2_dicts_get_data,7,2,2,dicts_get_data,problem_2.md,161
7,2,2,lesson_7_2_dicts_get_data,7,2,3,dicts_get_data,problem_3.md,250
7,3,0,lesson_7_3_dicts_edit_add_delete,7,3,1,dicts_edit_add_delete,problem_1.md,119
7,3,1,lesson_7_3_dicts_edit_add_delete,7,3,2,dicts_edit_add_delete,problem_2.md,81
7,3,2,lesson_7_3_dicts_edit_add_delete,7,3,3,dicts_edit_add_delete,problem_3.md,74
7,4,0,lesson_7_4_dicts_values_keys,7,4,1,dicts_values_keys,problem_1.md,182
7,4,1,lesson_7_4_dicts_values_keys,7,4,2,dicts_values_keys,problem_2.md,468
7,4,2,lesson_7_4_dicts_values_keys,7,4,3,dicts_values_keys,problem_3.md,207
7,5,0,lesson_7_5_dicts_items,7,5,1,dicts_items,problem_1.md,260
7,5,1,lesson_7_5_dicts_items,7,5,2,dicts_items,problem_2.md,141
7,6,0,lesson_7_6_sets,7,6,1,sets,problem_1.md,248
7,7,0,lesson_7_7_sets_methods,7,7,1,sets_methods,problem_1.md,85
7,7,1,lesson_7_7_sets_methods,7,7,2,sets_methods,problem_2.md,135
7,7,2,lesson_7_7_sets_methods,7,7,3,sets_methods,problem_3.md,77
7,8,0,lesson_7_8_dicts_sets_practice,7,8,1,dicts_sets_practice,problem_1.md,253
7,8,1,lesson_7_8_dicts_sets_practice,7,8,2,dicts_sets_practice,problem_2.md,187
7,8,2,lesson_7_8_dicts_sets_practice,7,8,3,dicts_sets_practice,problem_3.md,191
7,8,3,lesson_7_8_dicts_sets_practice,7,8,4,dicts_sets_practice,problem_4.md,389
7,8,4,lesson_7_8_dicts_sets_practice,7,8,5,dicts_sets_practice,problem_5.md,206
8,1,0,lesson_8_1_algorithms_lists,8,1,1,algorithms_lists,problem_1.md,124
8,1,1,lesson_8_1_algorithms_lists,8,1,2,algorithms_lists,problem_2.md,350
8,1,2,lesson_8_1_algorithms_lists,8,1,3,algorithms_lists,problem_3.md,420
8,2,0,lesson_8_2_filter_lists,8,2,1,filter_lists,problem_1.md,375
8,2,1,lesson_8_2_filter_lists,8,2,2,filter_lists,problem_2.md,567
8,2,2,lesson_8_2_filter_lists,8,2,3,filter_lists,problem_3.md,427
8,3,0,lesson_8_3_divide_into_groups,8,3,1,divide_into_groups,problem_1.md,261
8,3,1,lesson_8_3_divide_into_groups,8,3,2,divide_into_groups,problem_2.md,296
8,4,0,lesson_8_4_transforming_list,8,4,1,transforming_list,problem_1.md,483
8,4,1,lesson_8_4_transforming_list,8,4,2,transforming_list,problem_2.md,684
8,4,2,lesson_8_4_transforming_list,8,4,3,transforming_list,problem_3.md,480
8,5,0,lesson_8_5_errors,8,5,1,errors,problem_1.md,314
8,5,1,lesson_8_5_errors,8,5,2,errors,problem_2.md,274
8,5,2,lesson_8_5_errors,8,5,3,errors,problem_3.md,247
8,6,0,lesson_8_6_practice,8,6,1,practice,problem_1.md,483
8,6,1,lesson_8_6_practice,8,6,2,practice,problem_2.md,699
8,6,2,lesson_8_6_practice,8,6,3,practice,problem_3.md,719
9,1,0,lesson_9_1_functions_without_params,9,1,1,functions_without_params,problem_1.md,250
9,1,1,lesson_9_1_functions_without_params,9,1,2,functions_without_params,problem_2.md,278
9,2,0,lesson_9_2_functions_with_params,9,2,1,functions_with_params,problem_1.md,526
9,2,1,lesson_9_2_functions_with_params,9,2,2,functions_with_params,problem_2.md,348
9,3,0,lesson_9_3_functions_return,9,3,1,functions_return,problem_1.md,188
9,3,1,lesson_9_3_functions_return,9,3,2,functions_return,problem_2.md,269
9,3,2,lesson_9_3_functions_return,9,3,3,functions_return,problem_3.md,204
9,4,0,lesson_9_4_functions_args,9,4,1,functions_args,problem_1.md,388
9,4,1,lesson_9_4_functions_args,9,4,2,functions_args,problem_2.md,516
9,5,0,lesson_9_5_functions_corner_cases,9,5,1,functions_corner_cases,problem_1.md,169
9,5,1,lesson_9_5_functions_corner_cases,9,5,2,functions_corner_cases,problem_2.md,226
9,5,2,lesson_9_5_functions_corner_cases,9,5,3,functions_corner_cases,problem_3.md,198
9,5,3,lesson_9_5_functions_corner_cases,9,5,4,functions_corner_cases,problem_4.md,120
9,6,0,lesson_9_6_functions_sort,9,6,1,functions_sort,problem_1.md,265
9,6,1,lesson_9_6_functions_sort,9,6,2,functions_sort,problem_2.md,374
9,6,2,lesson_9_6_functions_sort,9,6,3,functions_sort,problem_3.md,436
9,7,0,lesson_9_7_functions_practice,9,7,1,functions_practice,problem_1.md,575
9,7,1,lesson_9_7_functions_practice,9,7,2,functions_practice,problem_2.md,219
9,7,2,lesson_9_7_functions_practice,9,7,3,functions_practice,problem_3.md,501
9,7,3,lesson_9_7_functions_practice,9,7,4,functions_practice,problem_4.md,367
9,7,4,lesson_9_7_functions_practice,9,7,5,functions_practice,problem_5.md,308
10,1,0,lesson_10_1_files_read,10,1,1,files_read,problem_1.md,386
10,1,1,lesson_10_1_files_read,10,1,2,files_read,problem_2.md,618
10,1,2,lesson_10_1_files_read,10,1,3,files_read,problem_3.md,623
10,2,0,lesson_10_2_files_write,10,2,1,files_write,problem_1.md,229
10,2,1,lesson_10_2_files_write,10,2,2,files_write,problem_2.md,377
10,3,0,lesson_10_3_files_append,10,3,1,files_append,problem_1.md,379
10,3,1,lesson_10_3_files_append,10,3,2,files_append,problem_2.md,422
10,4,0,lesson_10_4_files_csv_read,10,4,1,files_csv_read,problem_1.md,658
10,4,1,lesson_10_4_files_csv_read,10,4,2,files_csv_read,problem_2.md,908
10,5,0,lesson_10_5_files_csv_write,10,5,1,files_csv_write,problem_1.md,383
10,5,1,lesson_10_5_files_csv_write,10,5,2,files_csv_write,problem_2.md,658
10,6,0,lesson_10_6_files_practice,10,6,1,files_practice,problem_1.md,746
10,6,1,lesson_10_6_files_practice,10,6,2,files_practice,problem_2.md,761
10,6,2,lesson_10_6_files_practice,10,6,3,files_practice,problem_3.md,1021
10,6,3,lesson_10_6_files_practice,10,6,4,files_practice,problem_4.md,1525
10,6,4,lesson_10_6_files_practice,10,6,5,files_practice,problem_5.md,1135
11,1,0,lesson_11_1_func_algorithms,11,1,1,func_algorithms,problem_1.md,578
11,1,1,lesson_11_1_func_algorithms,11,1,2,func_algorithms,problem_2.md,793
11,2,0,lesson_11_2_func_separate,11,2,1,func_separate,problem_1.md,880
11,2,1,lesson_11_2_func_separate,11,2,2,func_separate,problem_2.md,615
11,3,0,lesson_11_3_func_names,11,3,1,func_names,problem_1.md,234
11,3,1,lesson_11_3_func_names,11,3,2,func_names,problem_2.md,146
11,4,0,lesson_11_4_func_tasks_with_strings,11,4,1,func_tasks_with_strings,problem_1.md,819
11,4,1,lesson_11_4_func_tasks_with_strings,11,4,2,func_tasks_with_strings,problem_2.md,951
11,5,0,lesson_11_5_func_tasks_with_dicts,11,5,1,func_tasks_with_dicts,problem_1.md,1166
11,5,1,lesson_11_5_func_tasks_with_dicts,11,5,2,func_tasks_with_dicts,problem_2.md,1078
11,6,0,lesson_11_6_func_files_algo,11,6,1,func_files_algo,problem_1.md,523
11,6,1,lesson_11_6_func_files_algo,11,6,2,func_files_algo,problem_2.md,815
11,7,0,lesson_11_7_func_final,11,7,1,func_final,problem_1.md,649
11,7,1,lesson_11_7_func_final,11,7,2,func_final,problem_2.md,1430
11,7,2,lesson_11_7_func_final,11,7,3,func_final,problem_3.md,718
11,7,3,lesson_11_7_func_final,11,7,4,func_final,problem_4.md,485
12,1,0,lesson_12_1_module,12,1,1,module,problem_0.md,1251
12,1,1,lesson_12_1_module,12,1,2,module,problem_1.md,794
12,1,2,lesson_12_1_module,12,1,3,module,problem_2.md,444
12,1,3,lesson_12_1_module,12,1,4,module,problem_3.md,161
12,1,4,lesson_12_1_module,12,1,5,module,problem_4.md,851
12,2,0,lesson_12_2_numpy,12,2,1,numpy,problem_0.md,1501
12,2,1,lesson_12_2_numpy,12,2,2,numpy,problem_1.md,474
12,2,2,lesson_12_2_numpy,12,2,3,numpy,problem_2.md,257
12,2,3,lesson_12_2_numpy,12,2,4,numpy,problem_3.md,258
12,2,4,lesson_12_2_numpy,12,2,5,numpy,problem_4.md,1013
12,3,0,lesson_12_3_matplotlib,12,3,1,matplotlib,problem_0.md,725
12,3,1,lesson_12_3_matplotlib,12,3,2,matplotlib,problem_1.md,676
12,3,2,lesson_12_3_matplotlib,12,3,3,matplotlib,problem_10.md,537
12,3,3,lesson_12_3_matplotlib,12,3,4,matplotlib,problem_11.md,823
12,3,4,lesson_12_3_matplotlib,12,3,5,matplotlib,problem_12.md,837
12,3,5,lesson_12_3_matplotlib,12,3,6,matplotlib,problem_13.md,1039
12,3,6,lesson_12_3_matplotlib,12,3,7,matplotlib,problem_14.md,602
12,3,7,lesson_12_3_matplotlib,12,3,8,matplotlib,problem_15.md,526
12,3,8,lesson_12_3_matplotlib,12,3,9,matplotlib,problem_16.md,773
12,3,9,lesson_12_3_matplotlib,12,3,10,matplotlib,problem_2.md,654
12,3,10,lesson_12_3_matplotlib,12,3,11,matplotlib,problem_3.md,490
12,3,11,lesson_12_3_matplotlib,12,3,12,matplotlib,problem_4.md,892
12,3,12,lesson_12_3_matplotlib,12,3,13,matplotlib,problem_5.md,258
12,3,13,lesson_12_3_matplotlib,12,3,14,matplotlib,problem_6.md,246
12,3,14,lesson_12_3_matplotlib,12,3,15,matplotlib,problem_7.md,786
12,3,15,lesson_12_3_matplotlib,12,3,16,matplotlib,problem_8.md,425
12,3,16,lesson_12_3_matplotlib,12,3,17,matplotlib,problem_9.md,421
